{
    "MusicVolume": 0.02901785634458065,
    "SfxVolume": 0.02008928544819355,
    "MusicToggle": true,
    "SfxToggle": true
}