{
    "MusicVolume": 0.1471429020166397,
    "SfxVolume": 0.20000000298023225,
    "MusicToggle": true,
    "SfxToggle": true
}